<xml>
  <scene>
    <!-- Objects -->
    <object type="sphere" name="WallBottom" material="ground">
      <scale x="70" y="70" z="0.5"/>
      <translate y="11"/>
    </object>
    <object type="sphere" name="sphere1" material="mtl1">
      <scale value="6"/>
      <translate y="11" z="6.5"/>
    </object>

    <!-- Materials -->
    <material type="blinn" name="ground">
      <diffuse  r="1" g="1" b="1"/>
      <specular value="0"/>
    </material>
    <material type="blinn" name="mtl1">
      <diffuse  r="0.7" g="0.7" b="1"/>
      <specular r="1.0" g="1.0" b="1.0" value="0.9"/>
      <glossiness value="20"/>
    </material>

    <!-- Lights -->
    <light type="ambient" name="ambientLight">
      <intensity value="0.1"/>
    </light>
    <light type="direct" name="directionalLight">
      <intensity value="1" r="1" g="0.2" b="0.2"/>
      <direction x="1" y="0" z="-0.5"/>
    </light>
    <light type="point" name="pointLight">
      <intensity value="1" r="0.2" g="0.2" b="1"/>
      <position x="2" y="21" z="16"/>
    </light>
  </scene>

  <camera>
    <position x="0" y="-60" z="12"/>
    <target x="0" y="10" z="0"/>
    <up x="0" y="0" z="1"/>
    <fov value="30"/>
    <width value="800"/>
    <height value="600"/>
  </camera>
</xml>
